Word,Frequency
the,146
a,94
to,93
of,67
and,66
in,43
.,39
with,37
for,36
is,34
that,26
food,24
this,24
at,22
i,19
from,18
are,17
-,17
we,17
on,16
an,15
you,14
just,14
as,13
raja,12
they,12
âœ¨@foodies_of_bhubaneswar,12
your,12
our,12
&,11
more,11
it,11
#asmreating,10
was,10
their,10
#asmrvideo,10
#asmrsounds,10
but,10
like,10
#asmrcommunity,10
#asmr,10
have,10
",",9
all,9
special,9
not,9
pm,9
restaurant,9
be,9
do,9
#asmrfood,9
people,8
#viral,8
will,8
us,8
seafood,8
health,8
up,7
vibrant,7
has,7
:,7
#foodiesofbhubaneswar,7
|,7
by,7
#mahindra,7
thali:,7
indian,6
if,6
odia,6
dining,6
when,6
so,6
place,6
every,6
sugar,6
buffet,6
any,6
june,6
experience,6
who,6
over,6
out,6
citrus,6
or,6
bhubaneswar,5
culinary,5
no,5
world,5
lover,5
journey,5
#foodieincar,5
ğŸ“,5
lemon,5
signature,5
delicious,5
menu,5
vada,5
flavors,5
where,5
other,5
also,5
doner,5
than,5
thali,5
chicken,5
new,5
dishes,5
some,5
companies,5
music,4
unforgettable,4
festive,4
which,4
crab,4
spread,4
meat,4
#rajafestival,4
per,4
date:,4
indulge,4
had,4
Â·,4
sure,4
perfect,4
try,4
video,4
day,4
these,4
tree,4
court,4
"restaurant,",4
offering,4
india,4
make,4
can,4
ğŸ¤,4
link,4
most,4
14th,4
brings,4
now,4
ğŸ“location:,4
spirit,4
venue:,4
join,4
cocktail,4
first,4
"bhubaneswar,",4
donâ€™t,4
#bhubaneswar,4
loaded,4
mango,4
chili,4
after,4
packaged,4
evening,4
featuring,4
use,4
onwards,4
me,4
think,3
"food,",3
feast,3
fries,3
location,3
promises,3
#loadedfries,3
sign,3
go,3
time:,3
roll,3
+gst,3
may,3
including,3
american,3
+91,3
fish,3
one,3
indiaâ€™s,3
â‚¹1350,3
festival,3
traditional,3
my,3
restaurants,3
bio,3
guests,3
#odiacuisine,3
#labelpadhegaindia,3
time,3
juice,3
"dishes,",3
"thali,",3
before,3
head,3
prawn,3
16th,3
fun,3
â‚¹350,3
veg,3
full,3
iâ€™m,3
its,3
been,3
person.,3
ğ—Ÿğ—œğ—ğ—˜ğŸ‘,3
ğ—¦ğ—”ğ—©ğ—˜,3
get,3
creators,3
much,3
ğŸ›Ÿ,3
ğ—¦ğ—›ğ—”ğ—¥ğ—˜,3
follow,3
another,3
1),3
fobulous,3
sell,3
ğŸ˜‰,3
#foblive,3
know,3
â€¢,3
#fobreels,3
run,3
hot,3
become,3
about,3
front,3
lobster,3
2),3
offers,3
pickle,3
tag,3
lineup,3
form,3
started,3
experience.,3
many,3
"rd,",2
#seafood,2
wide,2
#porottabeef,2
ğŸ“…,2
thanks,2
ğŸ“,2
serve,2
vegetarian,2
#kochi,2
book,2
#lemontreepremier,2
â€“,2
"chandrasekharpur,",2
sea,2
vihar,2
maitri,2
shrimp,2
maitre,2
must,2
abled,2
"1334,",2
how,2
"b,",2
no-,2
"vihar,",2
plot,2
nalco,2
"nagar,",2
"premier,",2
2024,2
#citrusrestaurant,2
true,2
specially,2
destination,2
#asmrsound,2
provide,2
fresh,2
small,2
crunch,2
@thecharcoalbayofficial,2
â€œchili,2
miss,2
chef,2
now!,2
trademark,2
going,2
multivitamin,2
#gourmetexperience,2
pickleball,2
still,2
trademarking,2
what,2
#pithafestival,2
raja.,2
essence,2
exquisite,2
heart,2
meal.,2
live,2
shawarma,2
non-veg,2
biriyani,2
@donerclub.in,2
@wiltonrestaurant_,2
heavy,2
whether,2
ketchup,2
#dÃ¶ner,2
burger,2
different,2
changes,2
open,2
taxes,2
@blackandwhite.gingerale,2
comes,2
"remember,",2
"raja,",2
chefâ€™s,2
event,2
work,2
content,2
array,2
appreciate,2
@chalo_odisha,2
local,2
set,2
truly,2
"joint,",2
table,2
stunning,2
everyone,2
sriracha,2
à¬ªà¬¾à¬‡à¬,2
focus,2
main,2
plus,2
#greaterkailash,2
inviting,2
both,2
3:30,2
"city,",2
authentic,2
2,2
slots,2
limited,2
prices:,2
pav,2
while,2
thank,2
come,2
dinner,2
refreshing,2
odisha,2
drinks,2
#drinks,2
#eateries,2
production,2
welcome,2
delightful,2
class,2
thing,2
being,2
part,2
reservations:,2
ğŸ“for,2
near,2
serving,2
includes,2
cozy,2
hotel,2
diner,2
wants,2
incredibly,2
delights.,2
captures,2
could,2
celebration,2
very,2
priced,2
style,2
bigger,2
version,2
look,2
à¬†à¬ªà¬£à¬™à­à¬•,2
sauce,2
selection,2
bring,2
team,2
making,2
too,2
"cocktails,",2
incredible,2
@worldclassin,2
only,2
space,2
together,2
needs,2
à¬“à¬¡à¬¼à¬¿à¬¶à¬¾à¬°,2
#spicy,2
à¬•à­‡à¬¬à­‡,2
michelin,2
visit,2
best,2
week,2
ghar,2
office,2
library,2
own,2
simple,2
forced,2
padhega,2
stop,2
leading,2
label,2
shared,2
challenge!,2
"months,",2
few,2
hands,2
#bhubaneswareats,2
start,2
question,2
indians,2
getting,2
want,2
participate,2
usually,2
kids,2
saami,2
having,2
shopping,2
sauce.,2
self-declaration,2
thali.,2
mutton,2
"here,",2
huge,2
it!,2
last,2
cannot,2
there,2
really,2
passes,2
5,2
isnâ€™t,2
against,2
create,2
movement,2
sugarboard,2
till,2
next,2
eating,2
products,2
bringing,2
â‚¹1199,2
quality,2
"flavorful,",2
let,2
ğŸ½ï¸,2
challenge,2
prepared,2
into,2
note-,2
dive,2
lot,2
diabetes,2
â€œthe,2
"fresh,",2
"harbour,",2
capital,2
10:00,2
buffet:,2
#seafoodlover,2
creating,2
itâ€™s,2
prawns,2
am,2
better,2
misleading,2
overwhelmed,1
texture,1
à¬†à¬‡à¬¨à¬¾à¬°à­‡,1
à¬¸à¬¬à­,1
everyday,1
à¬†à¬–à¬¿,1
à¬‰à¬¤à­à¬¤à¬°à¬¿,1
à¬¨à¬¿à¬œà¬°,1
à¬“à¬¡à¬¼à¬¿à¬†,1
à¬•à¬¾à¬¹à¬¾à¬£à­€à¬Ÿà­‡,1
perfectly,1
"à¬¬à¬–à¬¾à¬£à¬¿,",1
à¬†à¬œà¬¿à¬°,1
à¬œà¬¾à¬¤à¬¿à¬°,1
à¬œà­€à¬¬à¬¨,1
"à¬¸à¬à­à¬šà­Ÿ,",1
à¬¤à­à¬®,1
à¬–à¬¾à¬¦à­à­Ÿ-à¬®à¬¹à¬•à¬Ÿà¬¾,1
à¬“à¬¡à¬¼à¬¿à¬†à¬°,1
à¬—à¬¢à¬¾,1
à¬,1
miss.,1
"à¬®à­‹à¬¹à¬¿,",1
à¥¤,1
à¬¸à­‡,1
"à¬ªà¬¾à¬‡à¬,",1
à¬›à­‹à¬Ÿ,1
à¬¸à¬­à¬¿à¬™à­à¬•,1
"preserved,",1
hit,1
à¬¸à¬®à¬¾à¬°à­‹à¬¹,1
masala,1
either,1
à¬«à¬Ÿà­‹à¬šà¬¿à¬¤à­à¬°à¬°à­‡,1
à¬®à¬¨à¬•à­,1
"thankfully,",1
à¬¹à¬¾à¬¤à¬°,1
à¬¦à¬¿à¬,1
"me,",1
à¬…à¬¬à¬¦à¬¾à¬¨,1
"à¬¦à­‡à¬–à¬¾à¬‡,",1
à¬†à¬™à­à¬•à¬¿,1
à¬ªà¬°à¬¿à¬¸à­€à¬®à¬¾,1
à¬•à¬³à¬¾à¬°à­‡,1
"highlight,",1
à¬ªà¬°à¬¿,1
#culinaryjourney,1
à¬ªà¬°à¬¿à¬šà­Ÿà¥¤,1
forward.,1
"journey,",1
exotic,1
much.â€™,1
lobsters,1
little;,1
â€˜alone,1
"say,",1
inspire,1
platform,1
fish.,1
"skills,",1
20-30,1
showcase,1
seater,1
"spot,",1
daily,1
forward,1
magic,1
future!,1
successful,1
!!,1
discovered,1
girl,1
pao,1
#loveforodishaanother,1
#odisha,1
deliciously,1
#creators,1
#chaloodisha,1
#odishatourism,1
ğŸ™â¤ï¸,1
us.,1
"seafood,",1
joined,1
ğŸ’ª,1
talented,1
"meals,",1
â¤ï¸ğŸ™â€,1
tasting,1
places,1
memories,1
claim,1
à¬ªà­ƒà¬·à­à¬ à¬¾à¬°à­,1
ğŸ™â¤ï¸.,1
â€œparichayaâ€,1
"â€œfresh,â€",1
genuinely,1
created,1
organised,1
freshness.,1
"lobster,",1
x,1
chef-recommended,1
@foodies_of_bhubaneswar,1
@odishatourismofficial,1
skeptical,1
cherish,1
forever!,1
parichaya,1
hope,1
partner-@genextevent,1
"lunches,",1
gatherings.,1
@frozit.in,1
@gupta_distributors,1
sponsors,1
"creators,",1
@rapperbigdeal,1
@sabyasachi_actor,1
support,1
without,1
done,1
couldnâ€™t,1
"success,",1
complement,1
"g-3/a/1,",1
à¬‡à¬¤à¬¿à¬¹à¬¾à¬¸à¬°,1
"floor,",1
à¬²à¬¾à¬³,1
#foodbrandà¬ªà¬¾à¬Ÿà¬¿à¬°à­,1
1st,1
#koreanfood,1
#asianfood,1
#chilicrunch,1
#momofuku,1
eater,1
"arcade,",1
"victa,",1
louiie,1
ğŸ“¸,1
battle?,1
â€œketchup.â€,1
crunchâ€,1
royal,1
à¬¬à¬¾à¬¹à¬¾à¬°à¬¿,1
à¬—à¬²à¬¾à¬£à¬¿,1
à¬¨à¬¾,1
ğŸ˜œğŸ¤¤,1
below.,1
thoughts!,1
#foodiesniara,1
ğŸ¦ğŸ¤ğŸ¦€,1
dry,1
(medium):,1
"â‚¹1,349.00",1
prawn:,1
â‚¹649.00,1
chilli,1
crab:,1
â‚¹499.00,1
"infocity,patia,bhubaneswar",1
"cipet,",1
akiâ€™s,1
businesses,1
"raghunathpur-unit-107,",1
à¬•à¬¹à¬¿,1
#lobsterlove,1
recently,1
"chang,",1
dave,1
founded,1
"momofuku,",1
heated,1
#pickleloverpeople,1
#pickleballislife,1
"raghunathpur,",1
#prawnmasala,1
#pickleball,1
#crabchili,1
#pickles,1
ğŸ¥’ğŸ“,1
pickleball),1
(or,1
acquired,1
term,1
#explorebhubaneswar,1
crunch.â€,1
hurts,1
arguing,1
#akisharbour,1
term.,1
trademarked,1
using,1
letters,1
cease-and-desist,1
receiving,1
businesses),1
#freshseafood,1
asian,1
(many,1
#foodiediaries,1
makers,1
prices,1
â˜ºï¸,1
iâ€™ll,1
location-,1
"house,",1
guest,1
mcl,1
enhancing,1
"prangan,",1
khadya,1
niara,1
them.ğŸ˜Š,1
@rkplife,1
service,1
superbly.,1
"chiliâ€”often,",1
response,1
humble,1
got,1
glad,1
learning,1
systems-ols,1
",plot",1
no:,1
à¬•à¬¥à¬¾,1
à¬ªà¬¦,1
à¬¦à­à¬‡,1
à¬ªà¬¦à¬¿à¬,1
rice,1
à¬–à­‡à¬³à¬¿,1
à¬¹à¬¸à¬¿,1
#chaloodishaâ€œà¬•à­‡à¬¬à­‡,1
#foodies,1
gravy,1
"chhak,",1
press,1
mauza,1
gadakana,1
realized,1
penetrate,1
shop.,1
them,1
hygienic,1
kick.,1
"enthusiast,",1
livelihood.,1
earn,1
enjoying,1
bake,1
lovers,1
manage,1
group,1
example,1
here.,1
ğŸ˜Š,1
visited,1
place?,1
recommending,1
clean,1
preparation,1
bakery,1
homely,1
joint.,1
crabâ€™s,1
fast,1
hard,1
shell,1
everyday.,1
cooked,1
â‚¹80,1
right.,1
costs,1
"tender,",1
plain,1
good.,1
masala-oil.,1
less,1
ğŸ¤”,1
inside,1
missed,1
won't,1
shop,1
dine:,1
why,1
choose,1
enjoy,1
both?,1
forget.,1
combine,1
674,1
passion,1
gourmet,1
"vibrant,",1
might,1
each,1
"daily,",1
ğŸ®ğŸŠ,1
ğŸ›ï¸,1
6686666,1
applies,1
range,1
ps:,1
nestled,1
great,1
foodâ€”itâ€™s,1
experience!,1
senses:indulge,1
diverse,1
cater,1
area.,1
palates.,1
ğŸ™ï¸,1
scenic,1
views:enjoy,1
breathtaking,1
cityscapes,1
glass,1
restaurant-style,1
merch.,1
seating.,1
standout,1
"decor,",1
raja-themed,1
"flavors,",1
mutton.,1
celebrations,1
memorable.,1
@utkalkanikagalleria,1
"besara,",1
ğŸŒŸ,1
macha,1
"rice,",1
kanika,1
go-to,1
fusion,1
exceptional,1
"style,",1
complete,1
"swings,",1
adds,1
atmosphere,1
note.,1
sweet,1
ends,1
ensuring,1
"rabdi,",1
ambiance:,1
"malpua,",1
"rasagola,",1
"custard,",1
welcoming,1
dessert,1
meal,1
wrap,1
ğŸ›ğŸ‰,1
festivity.,1
price,1
food.,1
voiceover.,1
platter:,1
explore,1
eager,1
12:30,1
fine,1
ğŸŒ‡,1
7:00,1
ğŸ¥˜,1
5:00,1
for:,1
â‚¹499,1
"music,",1
"games,",1
you're,1
during,1
festival.,1
tradition.,1
lunch,1
20,1
non-vegetarian,1
"delicious,",1
pasara,1
"2.0,",1
#rajacelebrations,1
hosted,1
itself!,1
thatâ€™s,1
smrutisree,1
crystal,1
sumptuous,1
chance,1
crown!,1
ğŸŒ¸âœ¨,1
premier,1
"landscapes,",1
lavish,1
60,1
taste,1
extravaganza,1
"meal,",1
ğŸ‰,1
#celebrateraja,1
#rajapasara2024,1
#bhubaneswarevents@lemontreepremierbhubaneswar,1
#festivefeast,1
#foodiesofbhubaneswarcelebrate,1
never,1
@utkalkanikagalleria!,1
15,1
spot,1
international,1
shared.,1
note,1
please,1
charged,1
brands,1
options,1
#foodfestival,1
#bhubaneswarevents,1
season.,1
"16th,",1
6370700972,1
"taxes),",1
(+,1
"stations,",1
cooking,1
/,1
6370700973,1
#justdelicious,1
#chefsmrutisree,1
pithas,1
#hotelcrystalcrown,1
50+,1
buffet.,1
yourself,1
immerse,1
treeâ€™s,1
dining.,1
marries,1
ğŸ’¸,1
#foodieschef,1
â‚¹30,1
saamiâ€™s,1
1,1
â‚¹50,1
"saami,a5/1,",1
above,1
central,1
@lemontreepremierbhubaneswar,1
"honda,",1
ğŸ•”,1
"store,",1
unit-,1
"9,",1
751022,1
#samisignaturethali,1
"options,",1
ğŸ˜,1
course,1
thereâ€™s,1
spectacular,1
well,1
menu.,1
that's,1
"vegetarians,",1
ambiance,1
alive,1
option.,1
prefer,1
options:,1
â‚¹550,1
premier's,1
â‚¹500,1
â‚¹650,1
â‚¹250,1
youâ€™re,1
apollo,1
beside,1
"mandap,",1
"onions,",1
#festivefeastcelebrate,1
seafood.,1
included,1
within,1
onions,1
"traditionally,",1
'kanda.',1
others,1
durga,1
talk,1
forgot,1
"preparation,",1
outskirts.,1
akis,1
mentioned,1
"yes,",1
pav.,1
"additionally,",1
feel,1
ğŸ˜ğŸ¦ğŸ¤,1
jharapada,1
"pav,",1
bombay,1
spicy,1
n,1
location:,1
#odiathali,1
manner.ğŸ˜…,1
contradictory,1
#vegthali,1
"twice,",1
#foodiesofbhubaneswartag,1
friend,1
"""authentic""",1
used,1
"fish,",1
50,1
"masala,",1
corn,1
aloo,1
bara,1
#rajafoodfiesta2024,1
#utkalkanikagalleria,1
dahi,1
"forget,",1
salad.,1
#rajaatgalleria,1
rich,1
shorba,1
dhaniya,1
tomato,1
#foodcourt,1
"salads,",1
#ethararajautkalkanikagalleriare,1
soups,1
dum,1
life.,1
mealâ€”itâ€™s,1
piece,1
ğŸ¤ğŸŒ¿,1
feast.,1
crispy,1
offer,1
tikka,1
paneer,1
assorted,1
roast,1
here,1
ghee,1
chingudi,1
unique,1
starters,1
table.,1
tradition,1
#letsgogalleria@saami.brews,1
continues,1
offerings,1
favorite,1
"khoya,",1
introduced,1
lassi'â€”with,1
'lingaraj,1
named,1
creatively,1
panna,1
aam,1
ğŸ¥¥ğŸ°,1
"sides,",1
ğŸŒºğŸ’¦,1
spirit.,1
enhances,1
integrating,1
view,1
pool,1
"chhena,",1
"environment,",1
nadiyaâ€”the,1
soothing,1
others.,1
among,1
"pitha,",1
patisapta,1
"arisa,",1
"kakara,",1
"monda,",1
favorites,1
renowned,1
"lovers,",1
pitha,1
amazing,1
paradise,1
"ambiance,",1
tone.,1
share,1
recognition.,1
themed,1
influential,1
able,1
good,1
pretty,1
feels,1
rankings,1
methodology,1
favikon.,1
list,1
linkedin,1
#1,1
countries.,1
ranked,1
videograteful,1
earlier,1
updated,1
note:,1
health),1
global,1
institute,1
george,1
impact!,1
even,1
aggressive,1
beginning!,1
turkish,1
@meatbarrel_,1
#wayanadshawarmaaaağŸ˜‹ğŸ˜‹ğŸ˜‹,1
#pothuvariyellubiriyani,1
#chickenbiriyani,1
#bamboobiriyani,1
pothuvariyellu,1
bamboo,1
doubtğŸ˜‚ğŸ˜‚,1
oru,1
ayon,1
#foodieincarkurach,1
#xuv700,1
#viralvideosshawarmaaaağŸ˜‹,1
#chickenmandi,1
#mandi,1
mandiğŸ˜‹ğŸ˜‹,1
tavuk,1
#labelpadhegaindiachicken,1
(source:,1
compared,1
rapidly,1
rule,1
message!,1
#labelpadhegaindiaspread,1
kg,1
15grams,1
juices,1
juiceâ€,1
â€œsweetened,1
fruit,1
100%,1
major,1
calories,1
passed,1
fssai,1
history.,1
probably,1
system,1
change,1
positive,1
weâ€™ve,1
12,1
sirf,1
â€œpeâ€,1
mat,1
"khaiye,",1
fat,1
saturated,1
"salt,",1
"sugar,",1
found,1
across,1
lakh,1
4,1
analyzed,1
study,1
home.,1
eat,1
culprit,1
secret,1
because,1
sick,1
khaiye!,1
khana,1
â€œkaâ€,1
150,1
barrel,1
240,1
#mahindra#newintown,1
decor.,1
nostalgic,1
booths,1
charm,1
classic,1
delhi!,1
streets,1
culture,1
@miamodiner,1
#fishmango,1
hummus,1
#fishmangocurry,1
#appam,1
#asmrvideos,1
@imperialkitchen_venpalavattom,1
curryğŸ˜‹ğŸ˜‹ğŸ˜‹,1
#mahindraappam,1
#beef,1
#porota,1
#mango,1
sizzling,1
burgers,1
always,1
"point,",1
right,1
moving,1
reassurance,1
solid,1
impact.,1
higher,1
"experiences,",1
"events,",1
ever.,1
sure:,1
knew,1
"year,",1
@anthem.in,1
matters.,1
9711993266size,1
market,1
khan,1
twist!,1
classics,1
#asmrviral,1
juiceğŸ˜‹ğŸ˜‹,1
beef,1
foodsğŸ˜‹ğŸ˜‹ğŸ˜‹,1
#foodieincara,1
#porotta,1
@imperialkitchen_kowdiar,1
porottaaağŸ˜‹ğŸ˜‹ğŸ˜‹,1
porotta,1
#kochigramporotta,1
#pepsi,1
#turkishshawarma,1
#salad,1
#hummus,1
#shawarmalovers,1
#shawarma,1
kakkanad,1
edappally,1
230,1
160,1
salad,1
100,1
plate,1
variety,1
charcoal,1
#trendingreelsporotta,1
bay,1
#sulthanbathery,1
#wayanad,1
#seafoodmeals,1
mealsğŸ˜‹ğŸ˜‹,1
katt),1
kadal,1
(,1
à´•à´¾à´±àµà´±àµ,1
#ernakulamà´•à´Ÿàµ½,1
#dÃ¶nerburger,1
#burger,1
#donerchicken,1
#asmrcrunchy,1
friesğŸ˜‹ğŸ˜‹,1
friesâ€¦,1
#edappalyummy,1
#platters,1
platter,1
dimond,1
shifting!,1
win!,1
"weekend,",1
thought,1
schools,1
100s,1
success,1
massive,1
continuing,1
see,1
grateful,1
movement.,1
launching,1
answer,1
food!,1
trying,1
literate?,1
millions,1
way,1
fastest,1
youtube.what,1
credits,1
world!,1
transform,1
implementing,1
***,1
two,1
things,1
soft-drink!,1
amount,1
exact,1
displaying,1
sugar-board,1
canteen,1
"mess,",1
college,1
"canteen,",1
school,1
imagine,1
word!,1
groups.share,1
economic,1
appeals,1
understand,1
enough,1
off.,1
paying,1
unite,1
giving,1
awareness,1
pharmer,1
gifts,1
give,1
colleagues,1
"friends,",1
"kids,",1
instagram,1
available,1
(optional).,1
repost,1
same.,1
marketing,1
3,1
label.,1
post,1
story,1
upload,1
details:,1
bio.,1
youtube!,1
celebrities,1
100+,1
personally,1
meet,1
fight,1
false,1
"labels,",1
reading,1
majority,1
issue.,1
masala-cancer,1
oil,1
palm,1
chips,1
"drink,",1
childrenâ€™s,1
"formula,",1
baby,1
such,1
issue,1
hear,1
india!,1
happening,1
scandals,1
habits,1
early,1
"age,",1
register,1
biggest,1
literate!,1
single,1
project,1
ambitious,1
"schoolâ€,",1
announce,1
excited,1
course!,1
serieslink,1
"kid,",1
golmaal,1
back,1
finally,1
labels!,1
reduce,1
request,1
public.,1
fool,1
foods,1
literacy,1
date.,1
partner,1
doctors,1
#labelpadhegaindiashare,1
today,1
bhavan,1
rashtrapati,1
#consciouscapitalismat,1
#socialentrepreneurship,1
#labelseekhegaindia,1
thehealthschool.in,1
together!,1
literate,1
letâ€™s,1
etc.,1
pcos,1
"prevention,",1
"muscle-building,",1
"science,",1
nutrition,1
courses,1
nutritionists,1
awareness!,1
#consciouscapitalismshare,1
#supremecourt,1
shown.,1
copyright,1
purposes.,1
educational,1
purely,1
opinion,1
personal,1
everything,1
brand.,1
defame,1
intention,1
disclaimer:,1
reshare,1
"story,",1
"board,",1
end,1
too!,1
adult,1
crave,1
chances,1
logos,1
excess,1
share!,1
regular,1
claims.,1
contain,1
advertisements,1
declare,1
forces,1
product.,1
advertising,1
submit,1
mandated,1
supreme,1
"june,",1
18th,1
rule!,1
historic,1
diabetes.supreme,1
risk,1
raise,1
potentially,1
basis,1
direction.,1
"proved,",1
slew,1
says,1
already,1
jalan,1
#michelinstarproof,1
#finedining,1
#disneyland,1
#disneyworld,1
#disney,1
kids?,1
disney,1
$300,1
star,1
starts,1
pri-fixe,1
10+,1
dinners,1
"disney,",1
contrary,1
coveted,1
earned,1
albertâ€™s,1
living,1
future,1
ğŸ¤–ğŸ°,1
crafted,1
eyeing,1
@redlobster,1
chain,1
ğŸ¦ğŸ’¸,1
moneyâ€,1
shrimpâ€¦and,1
running,1
theyâ€™re,1
called.,1
red,1
"george,",1
#japanâ€œhey,1
#foodart,1
#cakes,1
#foodstyling,1
#desserts,1
@bokksu,1
ğŸ¥,1
desserts?,1
victoria,1
park,1
highest,1
halting,1
little,1
â€œa,1
product,1
peppers,1
supply,1
current,1
due,1
popular,1
wildly,1
announced,1
theme,1
company,1
shortage.,1
summer,1
brink,1
#delhiwe,1
form.,1
purest,1
experienceâ€,1
â€œfood,1
green.â€,1
pickup,1
labor,1
season,1
becomes,1
#koreanfooddisney,1
#foodreels,1
#viralfood,1
#tissuebread,1
ğŸ¤§ğŸğŸ˜‚,1
seoul.,1
trend,1
viral,1
latest,1
breadâ€,1
#spicyfoodâ€œtissue,1
#hotsaucelover,1
#hotsauce,1
#sriracha,1
ğŸŒ¶ï¸,1
sriracha.,1
stock,1
begins.,1
bankruptcy,1
loosing,1
$11,1
â€œlove,1
sereia,1
atmosphere.,1
modern,1
design,1
interior,1
stylish,1
elegant,1
sea.â€,1
letter,1
coastal-inspired,1
million,1
aims,1
u.s.,1
his,1
@sereiamiami,1
opened,1
"portugal,",1
@alma.henriquesapessoa,1
@henriquesapessoa,1
#marketing2-star,1
hitter,1
scene,1
coconut,1
grove,1
launched,1
sport.,1
official,1
usa,1
partnering,1
flavored,1
dropped,1
@naturemadevitamins,1
ğŸ¥’,1
pickle-mania,1
peak,1
reach,1
seemed,1
#michelinstarweâ€™ve,1
#miamirestaurants,1
#miami,1
#miamibeach,1
miami.,1
area,1
#heinz,1
#ketchup,1
idea?,1
wine,1
free,1
diners,1
solution.,1
italy,1
verona,1
condÃ³mino,1
al,1
"experience,",1
killing,1
dms,1
#georgecastanzayour,1
#seinfeld,1
#redlobster,1
#lobster,1
#shrimp,1
shrimp?,1
begs,1
promotion.,1
endless,1
bottle,1
anyone,1
covered.,1
phone,1
claims,1
types,1
57,1
app,1
mybenefits,1
spillage,1
policy.â€,1
insurance,1
worldâ€™s,1
mishaps,1
unfortunate,1
protect,1
#wine@heinz,1
#italianfood,1
#italianrestaurant,1
#italy,1
#restaurants,1
offer?,1
would,1
praise.,1
"opinion,",1
mostly,1
leela!,1
cheers,1
finalist.,1
diageo,1
program,1
bar,1
"negi,",1
siya,1
mingled,1
experiences,1
qubeâ€”truly,1
cocktails,1
"jamavar,",1
"cirque,",1
le,1
"megu,",1
delights,1
progressive,1
grazing,1
savoured,1
everyone.,1
night!,1
ğŸ¥‚ğŸŒŸ,1
#collabjoin,1
ğŸ¹,1
bia,1
pingâ€™s,1
27th,1
available!,1
miss!,1
wonâ€™t,1
fun-filled,1
"interactive,",1
"exclusive,",1
games.,1
play,1
ready,1
crowd,1
lively,1
"drinks,",1
filled,1
long,1
this:,1
picture,1
wowed,1
"bar,",1
"which,",1
"heat,",1
"dedicated,",1
alongside,1
gratifying,1
"beautiful,",1
became,1
feat.,1
electrifying,1
temperature,1
raising,1
scorching,1
led,1
degree,1
>45,1
"4,000",1
goals.,1
achieving,1
deter,1
nothingâ€”can,1
nothingâ€”absolutely,1
"ourselves,",1
determined,1
team.,1
"upwards,",1
anthem.,1
grand,1
ğŸ¸âœ¨,1
festival!,1
@theleela,1
fabulous,1
@godawansinglemaltwhat,1
@baileysofficial,1
@taliskerindia,1
@tanquerayindia,1
@thesingletonindia,1
@johnniewalkerindia,1
@donjuliotequila,1
@diageo,1
@diageo_india,1
inside.,1
air-conditioned,1
fully,1
p.s.,1
on.,1
"hoi,",1
"sangolda,",1
goa#newintown,1
bars,1
kailash!,1
greater,1
gems,1
#delhidiscover,1
#bestdrinks,1
#bestbars,1
#bars,1
neighbourhood!,1
night,1
top,1
marking,1
available!check,1
exclusive,1
bengaluru,1
"koramangala,",1
kitchen,1
brewery,1
biergarten,1
7:30,1
ğŸ•¢,1
must-try,1
eateries,1
gk,1
adventure,1
japanese,1
ramen,1
transported,1
gets,1
bit,1
"there,",1
that.,1
@zuruzuru.in,1
environment.,1
cosy,1
"homely,",1
amidst,1
impeccable,1
whose,1
unassuming,1
"small,",1
something,1
#foodtalkindiathereâ€™s,1
#food,1
20th,1
ğŸ—“ï¸,1
games!,1
hitec,1
approachable,1
"cuisine,",1
generous,1
innovative,1
"atmosphere,",1
warm,1
possibilities.,1
buzzing,1
"vivacious,",1
"dynamic,",1
itself,1
city,1
hyderabad.,1
@one8.commune,1
"scenes,",1
social,1
thriving,1
cityâ€™s,1
addition,1
exciting.,1
hyderabad,1
interactive,1
9559071818,1
"tastings,",1
"tipples,",1
tasty,1
community,1
"connection,",1
"celebration,",1
ğŸ¥ƒâœ¨,1
bio!join,1
find,1
#aglassofworldclass,1
celebrate.,1
savour.,1
sip.,1
acts!,1
groove,1
whole,1
bar-takeovers,1
electric,1
9559081818exquisite,1
#gastronomicdelights,1
